Designator,Footprint,Quantity,Value,LCSC Part #
"C1, C10, C12, C23, C26, C30, C31, C32, C33, C34, C37, C38, C4, C40, C41, C43, C44, C46, C47, C49, C55, C56",0402,22,100n,
"C11, C35",0402,2,4n7,
"C13, C14",1210,2,10u,
C15,0805,1,1n2,
C16,0805,1,10p,
C17,0201,1,8n2,
"C18, C19",1210,2,47u,
"C2, C3, C50, C54",0603,4,1u,
C20,0805,1,100n,
"C21, C22, C27",0603,3,4u7,
C24,CP_Radial_D12.5mm_P5.00mm,1,1000u,
"C25, C29, C58, C7",0805,4,10u,
"C28, C36, C8, C9",0402,4,100p,
"C39, C52, C57",CP_Radial_D10.0mm_P5.00mm,3,220u,
"C42, C45, C48",CP_Radial_D8.0mm_P3.50mm,3,100u,
"C5, C6",0402,2,14p,
C51,CP_Radial_D5.0mm_P2.00mm,1,22u,
C53,CP_Radial_D6.3mm_P2.50mm,1,100u,
CR2,SOT-23,1,PESD2CANFD24V-TR,
D1,D_SOD-123,1,D_Zener,
"D10, D5",0603,2,YELLOW,
D2,D_SMC,1,40V,
D3,0603,1,YG,
D4,D_SMA,1,SMAJ26A,
D6,0603,1,RED,
D7,0805,1,YELLOW,
D8,SOT-23,1,24V/5V,
"DRIVER1, DRIVER2, DRIVER3",MODULE_TMC2209_5160,3,TMC2209,
"DRIVER4, DRIVER5, DRIVER6",MODULE_TMC2209_5160,3,TMC5160,
F1,CONN_3557-2_KEY,1,Fuse,
FB2,0603,1,120R,
IC1,SOIC-8_3.9x4.9mm_P1.27mm,1,TPS54331DR,
J1,USB_C_Receptacle_GCT_USB4110,1,USB4110-GF-A,
"J11, J12, J13, J14, J15, J16, J17, J18",JST_GH_BM04B-GHS-TBT_1x04-1MP_P1.25mm_Vertical,8,Conn_01x04_Pin,
"JC1, JC2, JC3",JST_GH_BM03B-GHS-TBT_1x03-1MP_P1.25mm_Vertical,3,Conn_01x03_Pin,
"JM1, JM2, JM3, JM4, JM5, JM6",JST_XA_B04B-XASK-1_1x04_P2.50mm_Vertical,6,Conn_01x04_Pin,
JS1,PinHeader_1x05_P2.54mm_Vertical,1,Conn_01x05_Pin,
JU1,PinHeader_1x03_P2.54mm_Vertical,1,Conn_01x03_Pin,
L1,L_KOHERELEC_MDA7050_7.3x6.6mm,1,8u2,
PS1,AMASS_XT60PW-M_1x02_P7.20mm_Horizontal,1,XT60PW-M,
Q1,SOT-23,1,PMOS,
Q2,TO-252-2,1,PMOS,
"R1, R29",0402,2,5k1,
"R10, R12, R13, R14, R16, R19, R24, R25, R32, R33, R37, R39, R40, R41, R42, R43, R44, R45, R46, R47, R55, R6, R9",0402,23,33o,
"R11, R15, R26, R30, R31, R34, R38, R48, R49, R53, R54, R56, R7, R8",0402,14,10k,
R18,0402,1,1k,
R2,0603,1,25k,
"R20, R21, R22, R23",0603,4,60,
"R27, R5, R50, R52",0402,4,220,
R3,0402,1,10k5,
"R35, R36",0402,2,4k7,
R4,0402,1,2k,
R51,0402,1,3k,
SW2,SW_PUSH_B3U-1000PM,1,SW_Push,
SW3,SW_SPDT_PCM12,1,SW_SPDT,
"TP1, TP2, TP4",TestPoint_Pad_2.0x2.0mm,3,TestPoint,
"TP3, TP5, TP6",TestPoint_Pad_D2.0mm,3,TestPoint,
U1,LQFP64-10x10mm,1,STM32F446RETx,
U11,SOIC-8_3.9x4.9mm_P1.27mm,1,SN65HVD230DR,
"U12, U3",USON-10_2.5x1.0mm_P0.5mm,2,TPD4E02B04DQAR,
U14,Nexperia_DSN0603-2_0.6x0.3mm_P0.4mm,1,PESD5V0F1BRSFYL,
"U16, U4",SOT-23,2,SM12OC,
"U18, U19, U20, U21, U22, U6",JST_GH_BM07B-GHS-TBT_1x07-1MP_P1.25mm_Vertical,6,MT6835,
U2,AP7361C-33Y5-13_SOT89-5_DIO,1,AP7361C-33Y5-13,
U5,SOT-666,1,TPD2E1B06DRLR,
Y1,Crystal_SMD_3225-4Pin_3.2x2.5mm,1,8MHz,
