Designator,Mid X,Mid Y,Rotation,Layer
C1,33.802122,-69.473308,0.0,top
C10,107.39,-31.1,0.0,top
C11,47.254786,-76.963308,0.0,top
C12,36.354786,-76.938308,90.0,top
C13,115.997349,-58.097349,270.0,top
C14,112.747349,-58.097349,270.0,top
C15,115.447349,-49.097349,0.0,top
C16,108.947349,-49.022349,180.0,top
C17,115.547349,-51.197349,270.0,top
C18,105.204329,-63.79403,270.0,top
C19,100.954329,-63.79403,270.0,top
C2,59.926122,-60.324307,0.0,top
C20,109.197349,-56.797349,180.0,top
C21,92.547349,-58.109849,270.0,top
C22,91.447349,-61.097349,180.0,top
C23,91.98,-31.1,0.0,top
C24,135.147349,-52.997349,90.0,top
C25,34.747349,-76.897349,90.0,top
C26,77.27,-82.955,180.0,top
C27,42.926121,-57.497349,0.0,top
C28,46.874786,-78.543308,90.0,top
C29,42.697349,-55.697349,180.0,top
C3,59.926122,-61.924307,0.0,top
C30,41.502122,-67.423308,90.0,top
C31,54.751122,-68.973308,270.0,top
C32,52.352122,-71.123308,180.0,top
C33,45.401121,-56.123308,0.0,top
C34,51.972122,-56.123308,0.0,top
C35,34.776036,-83.719428,180.0,top
C36,35.156036,-85.219428,90.0,top
C37,92.35,-83.8,180.0,top
C38,129.45,-61.85,90.0,top
C39,100.75,-85.85,0.0,top
C4,56.351122,-61.353308,270.0,top
C40,169.75,-30.9,0.0,top
C41,154.5875,-31.4,0.0,top
C42,132.347349,-85.647349,0.0,top
C43,140.12,-83.0225,180.0,top
C44,155.35,-83.9,180.0,top
C45,163.0,-85.85,0.0,top
C46,109.85,-83.31,180.0,top
C47,125.1,-83.9,180.0,top
C48,147.25,-28.85,180.0,top
C49,168.147349,-54.823308,0.0,top
C5,56.451123,-65.804307,90.0,top
C50,168.152122,-51.297349,0.0,top
C51,168.252122,-47.597349,0.0,top
C52,83.867677,-29.35,180.0,top
C53,124.547349,-53.247349,90.0,top
C54,127.85,-62.375,90.0,top
C55,139.82,-31.5,0.0,top
C56,124.27,-31.25,0.0,top
C57,116.117677,-29.523308,180.0,top
C58,168.147349,-53.197349,0.0,top
C6,56.451122,-63.894307,270.0,top
C7,131.147349,-62.425,90.0,top
C8,35.256036,-82.239428,270.0,top
C9,46.874786,-75.383308,270.0,top
CR2,50.305329,-76.982601,0.0,top
D1,151.737349,-53.097349,90.0,top
D10,31.863621,-61.473308,270.0,top
D2,112.647349,-64.397349,0.0,top
D3,91.472349,-62.657349,0.0,top
D4,135.85,-62.4,0.0,top
D5,104.5,-53.275,0.0,top
D6,124.75,-62.3625,90.0,top
D7,30.989622,-75.223308,0.0,top
D8,95.147349,-58.359849,90.0,top
DRIVER1,147.7,-79.4675,90.0,top
DRIVER2,117.53,-79.45,90.0,top
DRIVER3,162.25,-35.35,270.0,top
DRIVER4,84.72,-79.35,90.0,top
DRIVER5,99.742122,-35.273308,270.0,top
DRIVER6,132.04,-35.462718,270.0,top
F1,159.883122,-59.572308,180.0,top
FB2,57.613622,-61.149307,90.0,top
IC1,111.147349,-52.797349,90.0,top
J1,25.011121,-65.123308,270.0,top
J11,78.127122,-66.878133,180.0,top
J12,78.127122,-60.509858,180.0,top
J13,78.127122,-54.141583,180.0,top
J14,78.127122,-47.773308,180.0,top
J15,67.927122,-66.923308,180.0,top
J16,67.927122,-60.530033,180.0,top
J17,67.927122,-54.123308,180.0,top
J18,67.927122,-47.773308,180.0,top
JC1,53.674786,-84.245428,270.0,top
JC2,47.374786,-84.245428,270.0,top
JC3,41.049786,-84.245428,270.0,top
JM1,147.902122,-93.2,180.0,top
JM2,117.902122,-93.05,180.0,top
JM3,161.902122,-21.673308,0.0,top
JM4,84.902122,-93.423308,180.0,top
JM5,99.402122,-21.673308,0.0,top
JM6,132.402122,-21.673308,0.0,top
JS1,33.047122,-51.093308,0.0,top
JU1,25.319622,-53.613308,0.0,top
L1,103.05,-57.675,180.0,top
PS1,176.477122,-55.973308,270.0,top
Q1,97.102122,-53.885808,270.0,top
Q2,145.822349,-54.232349,90.0,top
R1,31.152122,-66.923308,0.0,top
R10,108.64,-75.44,90.0,top
R11,123.552122,-76.123308,270.0,top
R12,141.31,-76.0025,90.0,top
R13,168.5875,-38.9,270.0,top
R14,171.0875,-38.9,270.0,top
R15,156.352122,-38.735,90.0,top
R16,130.72,-39.09,90.0,top
R18,41.252122,-64.223308,270.0,top
R19,138.32,-39.25,270.0,top
R2,112.222349,-48.997349,0.0,top
R20,45.481036,-75.413308,270.0,top
R21,45.481036,-78.563308,270.0,top
R22,36.556036,-85.244428,90.0,top
R23,36.556036,-82.069428,90.0,top
R24,65.192122,-73.080033,0.0,top
R25,70.902122,-73.080033,180.0,top
R26,28.457122,-43.073308,90.0,top
R27,33.252122,-60.933308,270.0,top
R29,31.151121,-63.873308,0.0,top
R3,106.647349,-51.907349,90.0,top
R30,35.497122,-50.643308,90.0,top
R31,35.502122,-53.153308,90.0,top
R32,106.39,-39.323308,270.0,top
R33,107.652122,-39.323308,270.0,top
R34,94.11,-39.025,90.0,top
R35,65.202123,-71.990033,0.0,top
R36,70.912122,-71.980033,0.0,top
R37,78.33,-76.09,90.0,top
R38,88.452122,-75.223308,90.0,top
R39,75.83,-76.1,90.0,top
R4,106.647349,-49.647349,90.0,top
R40,53.752122,-56.323308,90.0,top
R41,50.10112,-50.183308,90.0,top
R42,49.10112,-50.183308,90.0,top
R43,48.10112,-50.183308,90.0,top
R44,47.10112,-50.183308,90.0,top
R45,46.10112,-50.173308,90.0,top
R46,85.95,-75.865,90.0,top
R47,98.434329,-39.21903,270.0,top
R48,92.86,-37.525,90.0,top
R49,91.152122,-77.423308,90.0,top
R5,92.347349,-64.097349,0.0,top
R50,101.86,-53.4,180.0,top
R51,126.35,-63.65,270.0,top
R52,30.789622,-73.523308,0.0,top
R53,99.95,-53.4,0.0,top
R54,126.57,-39.0,90.0,top
R55,141.07,-39.25,270.0,top
R56,125.952122,-36.133308,270.0,top
R6,138.81,-75.9925,90.0,top
R7,153.952122,-76.023308,270.0,top
R8,152.237349,-50.197349,180.0,top
R9,110.89,-75.44,90.0,top
SW2,33.802122,-71.423308,180.0,top
SW3,25.427122,-42.823308,270.0,top
U1,48.901121,-63.623308,180.0,top
U11,40.724786,-76.958308,270.0,top
U12,50.90112,-54.488308,0.0,top
U14,40.352122,-64.123308,270.0,top
U16,68.052122,-72.130033,270.0,top
U18,61.201122,-36.773308,270.0,top
U19,54.901122,-36.773308,270.0,top
U2,92.652122,-52.896608,0.0,top
U20,48.601122,-36.773308,270.0,top
U21,42.301122,-36.773308,270.0,top
U22,36.001122,-36.773308,270.0,top
U3,40.866122,-61.123308,270.0,top
U4,29.157122,-51.973308,0.0,top
U5,34.363621,-65.623308,90.0,top
U6,67.501122,-36.773308,270.0,top
Y1,58.701122,-64.924307,90.0,top
