Comment,Designator,Footprint,JLCPCB Part#(optional)
100nF,"C1, C10, C12, C23, C26, C30, C31, C32, C33, C34, C37, C38, C4, C40, C41, C43, C44, C46, C47, C49, C55, C56",C0402,C56392
4.7nF,"C11, C35",C0402,C1538
10uF,"C13, C14",C1210,C39232
1.2nF,C15,C0805,C1714
10pF,C16,C0805,C107107
8.2nF,C17,C0201,C2168104
47uF,"C18, C19",C1210,C84494
1uF,"C2, C3, C50, C54",C0603,C29936
100nF,C20,C0805,C1711
4.7uF,"C21, C22, C27",C0603,C69335
1000uF,C24,CP_Radial_D12.5mm_P5.00mm,C165529
10uF,"C25, C29, C58, C7",C0805,C440198
100pF,"C28, C36, C8, C9",C0402,C1546
220uF,"C39, C52, C57",CP_Radial_D10.0mm_P5.00mm,C19270689
100uF,"C42, C45, C48, C53",CP_Radial_D6.3mm_P2.50mm,C19270686
14pF,"C5, C6",C0402,C458857
22uF,C51,CP_Radial_D5.0mm_P2.00mm,C216548
PESD2CANFD24V-TR,CR2,SOT-23,C552486
D_Zener,D1,D_SOD-123,C74710
YELLOW,"D10, D5",D0603,C2287
40V,D2,D_SMC,C72264
YG,D3,D0603,C2289
SMAJ26A,D4,D_SMA,C49370
RED,D6,D0603,C2286
YELLOW,D7,D0805,C2292
24V/5V,D8,SOT-23,C8590
120Ω,FB2,FB0603,C12391
TPS54331DR,IC1,SOIC-8_3.9x4.9mm_P1.27mm,C9865
USB4110-GF-A,J1,USB_C_Receptacle_GCT_USB4110,C5143397
Conn_01x04_Pin,"J11, J12, J13, J14, J15, J16, J17, J18",JST_GH_BM04B-GHS-TBT_1x04-1MP_P1.25mm_Vertical,C161692
Conn_01x03_Pin,"JC1, JC2, JC3",JST_GH_BM03B-GHS-TBT_1x03-1MP_P1.25mm_Vertical,C161691
Conn_01x04_Pin,"JM1, JM2, JM3, JM4, JM5, JM6",JST_XA_B04B-XASK-1_1x04_P2.50mm_Vertical,C264994
8.2uH,L1,L_KOHERELEC_MDA7050_7.3x6.6mm,C5359716
5.1Ω,"R1, R29",R0402,C25905
33Ω,"R10, R12, R13, R14, R16, R19, R24, R25, R32, R33, R37, R39, R40, R41, R42, R43, R44, R45, R46, R47, R55, R6, R9",R0402,C25105
10kΩ,"R11, R15, R26, R30, R31, R34, R38, R48, R49, R53, R54, R56, R7, R8",R0402,C25531
1kΩ,R18,R0402,C11702
25kΩ,R2,R0603,C2828637
60Ω,"R20, R21, R22, R23",R0603,C166918
220Ω,"R27, R5, R50, R52",R0402,C25091
10.5kΩ,R3,R0402,C100202
4.7kΩ,"R35, R36",R0402,C25900
2kΩ,R4,R0402,C4109
3kΩ,R51,R0402,C25784
SW_Push,SW2,SW_PUSH_B3U-1000PM,C231329
SW_SPDT,SW3,SW_SPDT_PCM12,C49023767
STM32F446RETx,U1,LQFP64-10x10mm,C69336
SN65HVD230DR,U11,SOIC-8_3.9x4.9mm_P1.27mm,C12084
TPD4E02B04DQAR,"U12, U3",USON-10_2.5x1.0mm_P0.5mm,C106794
PESD5V0F1BRSFYL,U14,Nexperia_DSN0603-2_0.6x0.3mm_P0.4mm,C552550
SM12OC,"U16, U4",SOT-23,C20417175
MT6835,"U18, U19, U20, U21, U22, U6",JST_GH_BM07B-GHS-TBT_1x07-1MP_P1.25mm_Vertical,C5305068
AP7361C-33Y5-13,U2,AP7361C-33Y5-13_SOT89-5_DIO,C460397
TPD2E1B06DRLR,U5,SOT-666,C1974127
8MHz,Y1,Crystal_SMD_3225-4Pin_3.2x2.5mm,C2933033