No.,Quantity,Comment,Designator,Footprint,Value,Supplier Part (LCSC/JLC)
1,22,100nF,"C1, C10, C12, C23, C26, C30, C31, C32, C33, C34, C37, C38, C4, C40, C41, C43, C44, C46, C47, C49, C55, C56",C0402,100nF,C56392
2,2,4.7nF,"C11, C35",C0402,4.7nF,C1538
3,2,10uF,"C13, C14",C1210,10uF,C39232
4,1,1.2nF,C15,C0805,1.2nF,C1714
5,1,10pF,C16,C0805,10pF,C107107
6,1,8.2nF,C17,C0201,8.2nF,C2168104
7,2,47uF,"C18, C19",C1210,47uF,C84494
8,4,1uF,"C2, C3, C50, C54",C0603,1uF,C29936
9,1,100nF,C20,C0805,100nF,C1711
10,3,4.7uF,"C21, C22, C27",C0603,4.7uF,C69335
11,1,1000uF,C24,CP_Radial_D12.5mm_P5.00mm,1000uF,C165529
12,4,10uF,"C25, C29, C58, C7",C0805,10uF,C440198
13,4,100pF,"C28, C36, C8, C9",C0402,100pF,C1546
14,3,220uF,"C39, C52, C57",CP_Radial_D10.0mm_P5.00mm,220uF,C19270689
15,4,100uF,"C42, C45, C48, C53",CP_Radial_D6.3mm_P2.50mm,100uF,C19270686
16,2,14pF,"C5, C6",C0402,14pF,C458857
17,1,22uF,C51,CP_Radial_D5.0mm_P2.00mm,22uF,C216548
18,1,PESD2CANFD24V-TR,CR2,SOT-23,-,C552486
19,1,D_Zener,D1,D_SOD-123,-,C74710
20,2,YELLOW,"D10, D5",D0603,-,C2287
21,1,40V,D2,D_SMC,-,C72264
22,1,YG,D3,D0603,-,C2289
23,1,SMAJ26A,D4,D_SMA,-,C49370
24,1,RED,D6,D0603,-,C2286
25,1,YELLOW,D7,D0805,-,C2292
26,1,24V/5V,D8,SOT-23,-,C8590
27,3,TMC2209,"DRIVER1, DRIVER2, DRIVER3",MODULE_TMC2209_5160,-,-
28,3,TMC5160,"DRIVER4, DRIVER5, DRIVER6",MODULE_TMC2209_5160,-,-
29,1,Fuse,F1,CONN_3557-2_KEY,-,-
30,1,120Ω,FB2,FB0603,120Ω,C12391
31,1,TPS54331DR,IC1,SOIC-8_3.9x4.9mm_P1.27mm,-,C9865
32,1,USB4110-GF-A,J1,USB_C_Receptacle_GCT_USB4110,-,C5143397
33,8,Conn_01x04_Pin,"J11, J12, J13, J14, J15, J16, J17, J18",JST_GH_BM04B-GHS-TBT_1x04-1MP_P1.25mm_Vertical,-,C161692
34,3,Conn_01x03_Pin,"JC1, JC2, JC3",JST_GH_BM03B-GHS-TBT_1x03-1MP_P1.25mm_Vertical,-,C161691
35,6,Conn_01x04_Pin,"JM1, JM2, JM3, JM4, JM5, JM6",JST_XA_B04B-XASK-1_1x04_P2.50mm_Vertical,-,C264994
36,1,Conn_01x05_Pin,JS1,PinHeader_1x05_P2.54mm_Vertical,-,-
37,1,Conn_01x03_Pin,JU1,PinHeader_1x03_P2.54mm_Vertical,-,-
38,1,8.2uH,L1,L_KOHERELEC_MDA7050_7.3x6.6mm,8.2uH,C5359716
39,1,XT60PW-M,PS1,AMASS_XT60PW-M_1x02_P7.20mm_Horizontal,-,C98732
40,1,PMOS,Q1,SOT-23,-,C15127
41,1,PMOS,Q2,TO-252-2,-,C36220
42,2,5.1Ω,"R1, R29",R0402,5.1kΩ,C25905
43,23,33Ω,"R10, R12, R13, R14, R16, R19, R24, R25, R32, R33, R37, R39, R40, R41, R42, R43, R44, R45, R46, R47, R55, R6, R9",R0402,33Ω,C25105
44,14,10kΩ,"R11, R15, R26, R30, R31, R34, R38, R48, R49, R53, R54, R56, R7, R8",R0402,10kΩ,C25531
45,1,1kΩ,R18,R0402,1kΩ,C11702
46,1,25kΩ,R2,R0603,25kΩ,C2828637
47,4,60Ω,"R20, R21, R22, R23",R0603,60Ω,C166918
48,4,220Ω,"R27, R5, R50, R52",R0402,220Ω,C25091
49,1,10.5kΩ,R3,R0402,10.5kΩ,C100202
50,2,4.7kΩ,"R35, R36",R0402,4.7kΩ,C25900
51,1,2kΩ,R4,R0402,2kΩ,C4109
52,1,3kΩ,R51,R0402,3kΩ,C25784
53,1,SW_Push,SW2,SW_PUSH_B3U-1000PM,-,C231329
54,1,SW_SPDT,SW3,SW_SPDT_PCM12,-,C49023767
55,3,TestPoint,"TP1, TP2, TP4",TestPoint_Pad_2.0x2.0mm,-,-
56,3,TestPoint,"TP3, TP5, TP6",TestPoint_Pad_D2.0mm,-,-
57,1,STM32F446RETx,U1,LQFP64-10x10mm,-,C69336
58,1,SN65HVD230DR,U11,SOIC-8_3.9x4.9mm_P1.27mm,-,C12084
59,2,TPD4E02B04DQAR,"U12, U3",USON-10_2.5x1.0mm_P0.5mm,-,C106794
60,1,PESD5V0F1BRSFYL,U14,Nexperia_DSN0603-2_0.6x0.3mm_P0.4mm,-,C552550
61,2,SM12OC,"U16, U4",SOT-23,-,C20417175
62,6,MT6835,"U18, U19, U20, U21, U22, U6",JST_GH_BM07B-GHS-TBT_1x07-1MP_P1.25mm_Vertical,-,C5305068
63,1,AP7361C-33Y5-13,U2,AP7361C-33Y5-13_SOT89-5_DIO,-,C460397
64,1,TPD2E1B06DRLR,U5,SOT-666,-,C1974127
65,1,8MHz,Y1,Crystal_SMD_3225-4Pin_3.2x2.5mm,-,C2933033